best_model_name,RandomForest
r2,0.5413074303804364
rmse,237809.23999606207
mae,309.45122040694685
