best_model_name,RandomForest
r2,0.4067325498919734
rmse,197889.82941360335
mae,239.21287193608907
