best_model_name,LinearRegression
r2,0.00770481368046283
rmse,1993203.2322052973
mae,217.67959159161782
